{"fonts/Poppins-Regular.ttf":["fonts/Poppins-Regular.ttf"],"images/ageSelected.png":["images/ageSelected.png"],"images/ageYellowSelected.png":["images/ageYellowSelected.png"],"images/ageunselected.png":["images/ageunselected.png"],"images/appLogo.jpg":["images/appLogo.jpg"],"images/background.png":["images/background.png"],"images/bag.png":["images/bag.png"],"images/bottombarHome.png":["images/bottombarHome.png"],"images/cart.png":["images/cart.png"],"images/cityBlueSelected.png":["images/cityBlueSelected.png"],"images/cityUnselected.png":["images/cityUnselected.png"],"images/cityYellowSelected.png":["images/cityYellowSelected.png"],"images/commentsBlueSelected.png":["images/commentsBlueSelected.png"],"images/commentsUnselected.png":["images/commentsUnselected.png"],"images/commentsYellowSelected.png":["images/commentsYellowSelected.png"],"images/facebook.png":["images/facebook.png"],"images/filter.png":["images/filter.png"],"images/goin.png":["images/goin.png"],"images/google.png":["images/google.png"],"images/introImage.png":["images/introImage.png"],"images/miniGuru.jpg":["images/miniGuru.jpg"],"images/notfound.jpg":["images/notfound.jpg"],"images/onboarding1.png":["images/onboarding1.png"],"images/onboarding2.png":["images/onboarding2.png"],"images/onboarding3.png":["images/onboarding3.png"],"images/papaji.png":["images/papaji.png"],"images/plus.png":["images/plus.png"],"images/topicBlueSelected.png":["images/topicBlueSelected.png"],"images/topicUnselected.png":["images/topicUnselected.png"],"images/topicYellowSelected.png":["images/topicYellowSelected.png"],"images/wallet.png":["images/wallet.png"],"lottieFiles/goin.json":["lottieFiles/goin.json"],"lottieFiles/loading.json":["lottieFiles/loading.json"],"lottieFiles/mm.json":["lottieFiles/mm.json"],"lottieFiles/payment.json":["lottieFiles/payment.json"],"lottieFiles/shimmer.json":["lottieFiles/shimmer.json"],"lottieFiles/submitted.json":["lottieFiles/submitted.json"],"lottieFiles/videoUploaded.json":["lottieFiles/videoUploaded.json"],"lottieFiles/wallet.json":["lottieFiles/wallet.json"],"packages/cupertino_icons/assets/CupertinoIcons.ttf":["packages/cupertino_icons/assets/CupertinoIcons.ttf"],"packages/flutter_inappwebview/assets/t_rex_runner/t-rex.css":["packages/flutter_inappwebview/assets/t_rex_runner/t-rex.css"],"packages/flutter_inappwebview/assets/t_rex_runner/t-rex.html":["packages/flutter_inappwebview/assets/t_rex_runner/t-rex.html"],"packages/fluttertoast/assets/toastify.css":["packages/fluttertoast/assets/toastify.css"],"packages/fluttertoast/assets/toastify.js":["packages/fluttertoast/assets/toastify.js"],"packages/font_awesome_flutter/lib/fonts/fa-brands-400.ttf":["packages/font_awesome_flutter/lib/fonts/fa-brands-400.ttf"],"packages/font_awesome_flutter/lib/fonts/fa-regular-400.ttf":["packages/font_awesome_flutter/lib/fonts/fa-regular-400.ttf"],"packages/font_awesome_flutter/lib/fonts/fa-solid-900.ttf":["packages/font_awesome_flutter/lib/fonts/fa-solid-900.ttf"],"packages/onboarding_animation/assets/onboarding_animation.gif":["packages/onboarding_animation/assets/onboarding_animation.gif"],"packages/wakelock_web/assets/no_sleep.js":["packages/wakelock_web/assets/no_sleep.js"],"packages/youtube_player_flutter/assets/speedometer.webp":["packages/youtube_player_flutter/assets/speedometer.webp"],"pdf/t&c.pdf":["pdf/t&c.pdf"]}