{"v":"5.10.0","fr":23.9759979248047,"ip":0,"op":79.999993075758,"w":1920,"h":1080,"nm":"Comp 2","ddd":1,"assets":[{"id":"comp_0","nm":"final 3d","fr":23.9759979248047,"layers":[{"ddd":1,"ind":1,"ty":0,"nm":"coine","refId":"comp_1","sr":1,"ks":{"o":{"a":0,"k":100,"ix":11},"rx":{"a":0,"k":0,"ix":8},"ry":{"a":0,"k":0,"ix":9},"rz":{"a":0,"k":0,"ix":10},"or":{"a":0,"k":[0,0,0],"ix":7},"p":{"a":0,"k":[538,540,0],"ix":2,"x":"var $bm_rt;\n$bm_rt = $bm_sum(value, [\n    0,\n    0,\n    index\n]);"},"a":{"a":0,"k":[540,540,0],"ix":1},"s":{"a":0,"k":[-100,100,100],"ix":6}},"ao":0,"w":1080,"h":1080,"ip":0,"op":599.999948068185,"st":0,"bm":0}]},{"id":"comp_1","nm":"coine","fr":23.9759979248047,"layers":[{"ddd":0,"ind":1,"ty":5,"nm":"G","sr":1,"ks":{"o":{"a":0,"k":100,"ix":11},"r":{"a":0,"k":0,"ix":10},"p":{"a":0,"k":[593,599,0],"ix":2,"l":2},"a":{"a":0,"k":[145,-127,0],"ix":1,"l":2},"s":{"a":0,"k":[100,100,100],"ix":6,"l":2}},"ao":0,"t":{"d":{"k":[{"s":{"s":341,"f":"Poppins-Medium","t":"G","ca":0,"j":0,"tr":60,"lh":163,"ls":0,"fc":[1,0.796,0]},"t":0}]},"p":{},"m":{"g":1,"a":{"a":0,"k":[0,0],"ix":2}},"a":[]},"ip":0,"op":599.999948068185,"st":0,"ct":1,"bm":0},{"ddd":0,"ind":2,"ty":4,"nm":"Shape Layer 3","sr":1,"ks":{"o":{"a":0,"k":100,"ix":11},"r":{"a":0,"k":0,"ix":10},"p":{"a":0,"k":[547,858,0],"ix":2,"l":2},"a":{"a":0,"k":[0,0,0],"ix":1,"l":2},"s":{"a":0,"k":[65.385,101.056,100],"ix":6,"l":2}},"ao":0,"shapes":[{"ty":"gr","it":[{"ty":"rc","d":1,"s":{"a":0,"k":[62,64],"ix":2},"p":{"a":0,"k":[0,0],"ix":3},"r":{"a":0,"k":0,"ix":4},"nm":"Rectangle Path 1","mn":"ADBE Vector Shape - Rect","hd":false},{"ty":"st","c":{"a":0,"k":[1,0.795293112362,0,1],"ix":3},"o":{"a":0,"k":100,"ix":4},"w":{"a":0,"k":0,"ix":5},"lc":1,"lj":1,"ml":4,"bm":0,"nm":"Stroke 1","mn":"ADBE Vector Graphic - Stroke","hd":false},{"ty":"fl","c":{"a":0,"k":[1,0.796078431373,0,1],"ix":4},"o":{"a":0,"k":100,"ix":5},"r":1,"bm":0,"nm":"Fill 1","mn":"ADBE Vector Graphic - Fill","hd":false},{"ty":"tr","p":{"a":0,"k":[47,-110],"ix":2},"a":{"a":0,"k":[0,0],"ix":1},"s":{"a":0,"k":[100,100],"ix":3},"r":{"a":0,"k":0,"ix":6},"o":{"a":0,"k":100,"ix":7},"sk":{"a":0,"k":0,"ix":4},"sa":{"a":0,"k":0,"ix":5},"nm":"Transform"}],"nm":"Rectangle 1","np":3,"cix":2,"bm":0,"ix":1,"mn":"ADBE Vector Group","hd":false}],"ip":0,"op":599.999948068185,"st":0,"ct":1,"bm":0},{"ddd":0,"ind":3,"ty":4,"nm":"Shape Layer 2","sr":1,"ks":{"o":{"a":0,"k":100,"ix":11},"r":{"a":0,"k":0,"ix":10},"p":{"a":0,"k":[547,576,0],"ix":2,"l":2},"a":{"a":0,"k":[0,0,0],"ix":1,"l":2},"s":{"a":0,"k":[65.385,101.056,100],"ix":6,"l":2}},"ao":0,"shapes":[{"ty":"gr","it":[{"ty":"rc","d":1,"s":{"a":0,"k":[62,64],"ix":2},"p":{"a":0,"k":[0,0],"ix":3},"r":{"a":0,"k":0,"ix":4},"nm":"Rectangle Path 1","mn":"ADBE Vector Shape - Rect","hd":false},{"ty":"st","c":{"a":0,"k":[1,0.795293112362,0,1],"ix":3},"o":{"a":0,"k":100,"ix":4},"w":{"a":0,"k":0,"ix":5},"lc":1,"lj":1,"ml":4,"bm":0,"nm":"Stroke 1","mn":"ADBE Vector Graphic - Stroke","hd":false},{"ty":"fl","c":{"a":0,"k":[1,0.796078431373,0,1],"ix":4},"o":{"a":0,"k":100,"ix":5},"r":1,"bm":0,"nm":"Fill 1","mn":"ADBE Vector Graphic - Fill","hd":false},{"ty":"tr","p":{"a":0,"k":[47,-110],"ix":2},"a":{"a":0,"k":[0,0],"ix":1},"s":{"a":0,"k":[100,100],"ix":3},"r":{"a":0,"k":0,"ix":6},"o":{"a":0,"k":100,"ix":7},"sk":{"a":0,"k":0,"ix":4},"sa":{"a":0,"k":0,"ix":5},"nm":"Transform"}],"nm":"Rectangle 1","np":3,"cix":2,"bm":0,"ix":1,"mn":"ADBE Vector Group","hd":false}],"ip":0,"op":599.999948068185,"st":0,"ct":1,"bm":0},{"ddd":0,"ind":4,"ty":4,"nm":"Shape Layer 1","sr":1,"ks":{"o":{"a":0,"k":100,"ix":11},"r":{"a":0,"k":0,"ix":10},"p":{"a":0,"k":[540,540,0],"ix":2,"l":2},"a":{"a":0,"k":[0,0,0],"ix":1,"l":2},"s":{"a":0,"k":[100,100,100],"ix":6,"l":2}},"ao":0,"shapes":[{"ty":"gr","it":[{"d":1,"ty":"el","s":{"a":0,"k":[458,458],"ix":2},"p":{"a":0,"k":[0,0],"ix":3},"nm":"Ellipse Path 1","mn":"ADBE Vector Shape - Ellipse","hd":false},{"ty":"st","c":{"a":0,"k":[1,0.795293112362,0,1],"ix":3},"o":{"a":0,"k":100,"ix":4},"w":{"a":0,"k":26,"ix":5},"lc":1,"lj":1,"ml":4,"bm":0,"nm":"Stroke 1","mn":"ADBE Vector Graphic - Stroke","hd":false},{"ty":"fl","c":{"a":0,"k":[1,0.682352223116,0,1],"ix":4},"o":{"a":0,"k":100,"ix":5},"r":1,"bm":0,"nm":"Fill 1","mn":"ADBE Vector Graphic - Fill","hd":false},{"ty":"tr","p":{"a":0,"k":[39,63],"ix":2},"a":{"a":0,"k":[0,0],"ix":1},"s":{"a":0,"k":[100,100],"ix":3},"r":{"a":0,"k":0,"ix":6},"o":{"a":0,"k":100,"ix":7},"sk":{"a":0,"k":0,"ix":4},"sa":{"a":0,"k":0,"ix":5},"nm":"Transform"}],"nm":"Ellipse 1","np":3,"cix":2,"bm":0,"ix":1,"mn":"ADBE Vector Group","hd":false}],"ip":0,"op":599.999948068185,"st":0,"ct":1,"bm":0}]}],"fonts":{"list":[{"fName":"Poppins-Medium","fFamily":"Poppins","fStyle":"Medium","ascent":73.9990234375}]},"layers":[{"ddd":1,"ind":1,"ty":0,"nm":"final 3d","refId":"comp_0","sr":1,"ks":{"o":{"a":0,"k":100,"ix":11},"rx":{"a":0,"k":0,"ix":8},"ry":{"a":1,"k":[{"i":{"x":[0.833],"y":[0.833]},"o":{"x":[0.167],"y":[0.167]},"t":0,"s":[0]},{"i":{"x":[0.833],"y":[0.833]},"o":{"x":[0.167],"y":[0.167]},"t":24,"s":[180]},{"i":{"x":[0.833],"y":[0.833]},"o":{"x":[0.167],"y":[0.167]},"t":28,"s":[180]},{"i":{"x":[0.833],"y":[0.833]},"o":{"x":[0.167],"y":[0.167]},"t":52,"s":[360]},{"i":{"x":[0.833],"y":[0.833]},"o":{"x":[0.167],"y":[0.167]},"t":56,"s":[360]},{"t":79.999993075758,"s":[540]}],"ix":9},"rz":{"a":0,"k":0,"ix":10},"or":{"a":0,"k":[0,0,0],"ix":7},"p":{"a":0,"k":[1000,570,0],"ix":2},"a":{"a":0,"k":[500,610,0],"ix":1},"s":{"a":0,"k":[100,100,100],"ix":6}},"ao":0,"w":1080,"h":1080,"ip":0,"op":599.999948068185,"st":0,"ct":1,"bm":0}],"markers":[],"chars":[{"ch":"G","size":341,"style":"Medium","w":77.3,"data":{"shapes":[{"ty":"gr","it":[{"ind":0,"ty":"sh","ix":1,"ks":{"a":0,"k":{"i":[[0,0],[5.766,3.634],[7.4,0],[5.433,-3.033],[3.166,-5.4],[0,-6.8],[-3.167,-5.4],[-5.4,-3.033],[-6.534,0],[-4.967,2.7],[-3.1,4.534],[-0.734,5.4],[0,0],[0,0],[0,0],[0,0],[3.866,-3.466],[6.2,0],[3.6,2.067],[2.033,3.834],[0,5],[-2.034,3.8],[-3.6,2.067],[-4.6,0],[-3.2,-1.766],[-1.8,-3.466]],"o":[[-2.6,-6.666],[-5.767,-3.633],[-6.467,0],[-5.434,3.034],[-3.167,5.4],[0,6.8],[3.166,5.4],[5.4,3.034],[6.066,0],[4.966,-2.7],[3.1,-4.533],[0,0],[0,0],[0,0],[0,0],[-0.867,5.934],[-3.867,3.467],[-4.6,0],[-3.6,-2.066],[-2.034,-3.833],[0,-5],[2.033,-3.8],[3.6,-2.066],[4.2,0],[3.2,1.767],[0,0]],"v":[[71.5,-49.5],[58.95,-64.95],[39.2,-70.4],[21.35,-65.85],[8.45,-53.2],[3.7,-34.9],[8.45,-16.6],[21.3,-3.95],[39.2,0.6],[55.75,-3.45],[67.85,-14.3],[73.6,-29.2],[73.6,-38.1],[35.3,-38.1],[35.3,-29],[61.4,-29],[54.3,-14.9],[39.2,-9.7],[26.9,-12.8],[18.45,-21.65],[15.4,-34.9],[18.45,-48.1],[26.9,-56.9],[39.2,-60],[50.3,-57.35],[57.8,-49.5]],"c":true},"ix":2},"nm":"G","mn":"ADBE Vector Shape - Group","hd":false}],"nm":"G","np":3,"cix":2,"bm":0,"ix":1,"mn":"ADBE Vector Group","hd":false}]},"fFamily":"Poppins"}]}