{"v":"5.10.0","fr":30,"ip":0,"op":121,"w":1080,"h":1920,"nm":"Comp 1","ddd":0,"assets":[],"fonts":{"list":[{"fName":"Poppins-Bold","fFamily":"Poppins","fStyle":"Bold","ascent":73.9990234375}]},"layers":[{"ddd":0,"ind":1,"ty":5,"nm":"Mansoori Matrimonial ","sr":1,"ks":{"o":{"a":0,"k":100,"ix":11},"r":{"a":0,"k":0,"ix":10},"p":{"a":0,"k":[544,1212,0],"ix":2,"l":2},"a":{"a":0,"k":[0,0,0],"ix":1,"l":2},"s":{"a":0,"k":[153,153,100],"ix":6,"l":2}},"ao":0,"t":{"d":{"k":[{"s":{"s":45,"f":"Poppins-Bold","t":"MANSOORI MATRIMONIAL ","ca":1,"j":2,"tr":0,"lh":54.0000038146973,"ls":0,"fc":[1,1,1]},"t":0}]},"p":{},"m":{"g":1,"a":{"a":0,"k":[0,0],"ix":2}},"a":[{"nm":"Animator 1","s":{"t":0,"xe":{"a":0,"k":0,"ix":7},"ne":{"a":0,"k":0,"ix":8},"a":{"a":0,"k":100,"ix":4},"b":3,"rn":0,"sh":1,"sm":{"a":0,"k":100,"ix":6},"s":{"a":1,"k":[{"i":{"x":[0.833],"y":[0.833]},"o":{"x":[0.167],"y":[0.167]},"t":71,"s":[0]},{"t":98,"s":[100]}],"ix":1},"r":1},"a":{"o":{"a":0,"k":0,"ix":9}}}]},"ip":-3,"op":122,"st":-3,"ct":1,"bm":0},{"ddd":0,"ind":2,"ty":4,"nm":"Shape Layer 3","sr":1,"ks":{"o":{"a":0,"k":100,"ix":11},"r":{"a":0,"k":0,"ix":10},"p":{"a":0,"k":[743.375,919.625,0],"ix":2,"l":2},"a":{"a":0,"k":[-204.625,-42.125,0],"ix":1,"l":2},"s":{"a":0,"k":[-100,100,100],"ix":6,"l":2}},"ao":0,"shapes":[{"ty":"gr","it":[{"ind":0,"ty":"sh","ix":1,"ks":{"a":0,"k":{"i":[[0,0],[0,0],[0,0],[0,0]],"o":[[0,0],[0,0],[0,0],[0,0]],"v":[[-205.25,134.75],[-204,-219],[-54,62],[94,-218]],"c":false},"ix":2},"nm":"Path 1","mn":"ADBE Vector Shape - Group","hd":false},{"ty":"st","c":{"a":0,"k":[1,1,1,1],"ix":3},"o":{"a":0,"k":100,"ix":4},"w":{"a":0,"k":63,"ix":5},"lc":2,"lj":2,"bm":0,"nm":"Stroke 1","mn":"ADBE Vector Graphic - Stroke","hd":false},{"ty":"tr","p":{"a":0,"k":[0,0],"ix":2},"a":{"a":0,"k":[0,0],"ix":1},"s":{"a":0,"k":[100,100],"ix":3},"r":{"a":0,"k":0,"ix":6},"o":{"a":0,"k":100,"ix":7},"sk":{"a":0,"k":0,"ix":4},"sa":{"a":0,"k":0,"ix":5},"nm":"Transform"}],"nm":"Shape 1","np":3,"cix":2,"bm":0,"ix":1,"mn":"ADBE Vector Group","hd":false},{"ty":"tm","s":{"a":0,"k":0,"ix":1},"e":{"a":1,"k":[{"i":{"x":[0.833],"y":[0.833]},"o":{"x":[0.167],"y":[0.167]},"t":51,"s":[0]},{"t":68,"s":[100]}],"ix":2},"o":{"a":0,"k":0,"ix":3},"m":1,"ix":2,"nm":"Trim Paths 1","mn":"ADBE Vector Filter - Trim","hd":false}],"ip":0,"op":121,"st":0,"ct":1,"bm":0},{"ddd":0,"ind":3,"ty":4,"nm":"Shape Layer 2","sr":1,"ks":{"o":{"a":0,"k":100,"ix":11},"r":{"a":0,"k":0,"ix":10},"p":{"a":0,"k":[335.375,917.875,0],"ix":2,"l":2},"a":{"a":0,"k":[-204.625,-42.125,0],"ix":1,"l":2},"s":{"a":0,"k":[100,100,100],"ix":6,"l":2}},"ao":0,"shapes":[{"ty":"gr","it":[{"ind":0,"ty":"sh","ix":1,"ks":{"a":0,"k":{"i":[[0,0],[0,0],[0,0],[0,0]],"o":[[0,0],[0,0],[0,0],[0,0]],"v":[[-205.25,134.75],[-204,-219],[-54,62],[94,-218]],"c":false},"ix":2},"nm":"Path 1","mn":"ADBE Vector Shape - Group","hd":false},{"ty":"st","c":{"a":0,"k":[1,1,1,1],"ix":3},"o":{"a":0,"k":100,"ix":4},"w":{"a":0,"k":63,"ix":5},"lc":2,"lj":2,"bm":0,"nm":"Stroke 1","mn":"ADBE Vector Graphic - Stroke","hd":false},{"ty":"tr","p":{"a":0,"k":[0,0],"ix":2},"a":{"a":0,"k":[0,0],"ix":1},"s":{"a":0,"k":[100,100],"ix":3},"r":{"a":0,"k":0,"ix":6},"o":{"a":0,"k":100,"ix":7},"sk":{"a":0,"k":0,"ix":4},"sa":{"a":0,"k":0,"ix":5},"nm":"Transform"}],"nm":"Shape 1","np":3,"cix":2,"bm":0,"ix":1,"mn":"ADBE Vector Group","hd":false},{"ty":"tm","s":{"a":0,"k":0,"ix":1},"e":{"a":1,"k":[{"i":{"x":[0.833],"y":[0.833]},"o":{"x":[0.167],"y":[0.167]},"t":51,"s":[0]},{"t":74,"s":[100]}],"ix":2},"o":{"a":0,"k":0,"ix":3},"m":1,"ix":2,"nm":"Trim Paths 1","mn":"ADBE Vector Filter - Trim","hd":false}],"ip":0,"op":121,"st":0,"ct":1,"bm":0},{"ddd":0,"ind":5,"ty":4,"nm":"Shape Layer 1","sr":1,"ks":{"o":{"a":0,"k":100,"ix":11},"r":{"a":0,"k":0,"ix":10},"p":{"a":1,"k":[{"i":{"x":0.833,"y":0.833},"o":{"x":0.167,"y":0.167},"t":17,"s":[560,1412,0],"to":[0,0,0],"ti":[0,0,0]},{"t":37,"s":[560,1875,0]}],"ix":2,"l":2},"a":{"a":0,"k":[-56,564,0],"ix":1,"l":2},"s":{"a":1,"k":[{"i":{"x":[0.833,0.833,0.833],"y":[0.833,0.833,0.833]},"o":{"x":[0.167,0.167,0.167],"y":[0.167,0.167,0.167]},"t":0,"s":[0,0,100]},{"i":{"x":[0.833,0.833,0.833],"y":[0.833,0.833,0.833]},"o":{"x":[0.167,0.167,0.167],"y":[0.167,0.167,0.167]},"t":16,"s":[100,100,100]},{"i":{"x":[0.833,0.833,0.833],"y":[0.833,0.833,0.833]},"o":{"x":[0.167,0.167,0.167],"y":[0.167,0.167,0.167]},"t":37,"s":[100,100,100]},{"t":52,"s":[1740,1740,100]}],"ix":6,"l":2}},"ao":0,"shapes":[{"ty":"gr","it":[{"d":1,"ty":"el","s":{"a":0,"k":[224,224],"ix":2},"p":{"a":0,"k":[0,0],"ix":3},"nm":"Ellipse Path 1","mn":"ADBE Vector Shape - Ellipse","hd":false},{"ty":"st","c":{"a":0,"k":[1,0.501960754395,0,1],"ix":3},"o":{"a":0,"k":100,"ix":4},"w":{"a":0,"k":0,"ix":5},"lc":1,"lj":1,"ml":4,"bm":0,"nm":"Stroke 1","mn":"ADBE Vector Graphic - Stroke","hd":false},{"ty":"fl","c":{"a":0,"k":[0,0.81568627451,0.407843137255,1],"ix":4},"o":{"a":0,"k":100,"ix":5},"r":1,"bm":0,"nm":"Fill 1","mn":"ADBE Vector Graphic - Fill","hd":false},{"ty":"tr","p":{"a":0,"k":[-56,564],"ix":2},"a":{"a":0,"k":[0,0],"ix":1},"s":{"a":0,"k":[100,100],"ix":3},"r":{"a":0,"k":0,"ix":6},"o":{"a":0,"k":100,"ix":7},"sk":{"a":0,"k":0,"ix":4},"sa":{"a":0,"k":0,"ix":5},"nm":"Transform"}],"nm":"Ellipse 1","np":3,"cix":2,"bm":0,"ix":1,"mn":"ADBE Vector Group","hd":false}],"ip":0,"op":121,"st":0,"ct":1,"bm":0}],"markers":[],"chars":[{"ch":"M","size":45,"style":"Bold","w":91.8,"data":{"shapes":[{"ty":"gr","it":[{"ind":0,"ty":"sh","ix":1,"ks":{"a":0,"k":{"i":[[0,0],[0,0],[0,0],[0,0],[0,0],[0,0],[0,0],[0,0],[0,0],[0,0],[0,0],[0,0],[0,0]],"o":[[0,0],[0,0],[0,0],[0,0],[0,0],[0,0],[0,0],[0,0],[0,0],[0,0],[0,0],[0,0],[0,0]],"v":[[65.6,-70.2],[46.1,-21.6],[26.4,-70.2],[6.2,-70.2],[6.2,0],[23.3,0],[23.3,-42.2],[39.1,0],[52.9,0],[68.6,-42.1],[68.6,0],[85.7,0],[85.7,-70.2]],"c":true},"ix":2},"nm":"M","mn":"ADBE Vector Shape - Group","hd":false}],"nm":"M","np":3,"cix":2,"bm":0,"ix":1,"mn":"ADBE Vector Group","hd":false}]},"fFamily":"Poppins"},{"ch":"A","size":45,"style":"Bold","w":73.7,"data":{"shapes":[{"ty":"gr","it":[{"ind":0,"ty":"sh","ix":1,"ks":{"a":0,"k":{"i":[[0,0],[0,0],[0,0],[0,0],[0,0],[0,0],[0,0],[0,0]],"o":[[0,0],[0,0],[0,0],[0,0],[0,0],[0,0],[0,0],[0,0]],"v":[[54.1,0],[72.2,0],[46.8,-70.2],[27,-70.2],[1.6,0],[19.5,0],[23.7,-12.4],[49.9,-12.4]],"c":true},"ix":2},"nm":"A","mn":"ADBE Vector Shape - Group","hd":false},{"ind":1,"ty":"sh","ix":2,"ks":{"a":0,"k":{"i":[[0,0],[0,0],[0,0]],"o":[[0,0],[0,0],[0,0]],"v":[[28.2,-25.6],[36.8,-51.3],[45.5,-25.6]],"c":true},"ix":2},"nm":"A","mn":"ADBE Vector Shape - Group","hd":false}],"nm":"A","np":5,"cix":2,"bm":0,"ix":1,"mn":"ADBE Vector Group","hd":false}]},"fFamily":"Poppins"},{"ch":"N","size":45,"style":"Bold","w":75.2,"data":{"shapes":[{"ty":"gr","it":[{"ind":0,"ty":"sh","ix":1,"ks":{"a":0,"k":{"i":[[0,0],[0,0],[0,0],[0,0],[0,0],[0,0],[0,0],[0,0],[0,0],[0,0]],"o":[[0,0],[0,0],[0,0],[0,0],[0,0],[0,0],[0,0],[0,0],[0,0],[0,0]],"v":[[69,-70.2],[51.9,-70.2],[51.9,-26.7],[23.3,-70.2],[6.2,-70.2],[6.2,0],[23.3,0],[23.3,-43.3],[51.9,0],[69,0]],"c":true},"ix":2},"nm":"N","mn":"ADBE Vector Shape - Group","hd":false}],"nm":"N","np":3,"cix":2,"bm":0,"ix":1,"mn":"ADBE Vector Group","hd":false}]},"fFamily":"Poppins"},{"ch":"S","size":45,"style":"Bold","w":61.5,"data":{"shapes":[{"ty":"gr","it":[{"ind":0,"ty":"sh","ix":1,"ks":{"a":0,"k":{"i":[[-5.134,0],[-3.867,1.934],[-2.034,3.267],[0,4],[2.066,2.667],[2.833,1.4],[4.533,1.534],[2.133,1.267],[0,2.267],[-1.267,1.1],[-2.067,0],[-1.534,-1.3],[-0.134,-2.266],[0,0],[4.733,3.7],[7.733,0],[4.733,-3.7],[0,-6.533],[-2.067,-2.733],[-2.867,-1.4],[-4.534,-1.4],[-1.7,-0.733],[-1.167,-1.133],[0,-1.733],[1.466,-1.166],[2.533,0],[1.533,1.367],[0.266,2.6],[0,0],[-2.434,-3.266],[-4.067,-1.666]],"o":[[5.266,0],[3.866,-1.933],[2.033,-3.266],[0,-4.2],[-2.067,-2.666],[-2.834,-1.4],[-4.534,-1.466],[-2.134,-1.266],[0,-2.066],[1.266,-1.1],[2.4,0],[1.533,1.3],[0,0],[-0.334,-6.6],[-4.734,-3.7],[-7.6,0],[-4.734,3.7],[0,4.4],[2.066,2.734],[2.866,1.4],[3.133,0.934],[1.7,0.734],[1.166,1.134],[0,2.067],[-1.467,1.167],[-2.467,0],[-1.534,-1.366],[0,0],[0.133,4.6],[2.433,3.267],[4.066,1.667]],"v":[[31.6,0.7],[45.3,-2.2],[54.15,-10],[57.2,-20.9],[54.1,-31.2],[46.75,-37.3],[35.7,-41.7],[25.7,-45.8],[22.5,-51.1],[24.4,-55.85],[29.4,-57.5],[35.3,-55.55],[37.8,-50.2],[56.3,-50.2],[48.7,-65.65],[30,-71.2],[11.5,-65.65],[4.4,-50.3],[7.5,-39.6],[14.9,-33.4],[26,-29.2],[33.25,-26.7],[37.55,-23.9],[39.3,-19.6],[37.1,-14.75],[31.1,-13],[25.1,-15.05],[22.4,-21],[4.2,-21],[8.05,-9.2],[17.8,-1.8]],"c":true},"ix":2},"nm":"S","mn":"ADBE Vector Shape - Group","hd":false}],"nm":"S","np":3,"cix":2,"bm":0,"ix":1,"mn":"ADBE Vector Group","hd":false}]},"fFamily":"Poppins"},{"ch":"O","size":45,"style":"Bold","w":78.6,"data":{"shapes":[{"ty":"gr","it":[{"ind":0,"ty":"sh","ix":1,"ks":{"a":0,"k":{"i":[[-6.6,0],[-5.467,3.067],[-3.2,5.5],[0,6.867],[3.166,5.467],[5.5,3.067],[6.6,0],[5.5,-3.066],[3.233,-5.466],[0,-6.866],[-3.234,-5.5],[-5.5,-3.066]],"o":[[6.6,0],[5.466,-3.066],[3.2,-5.5],[0,-6.866],[-3.167,-5.466],[-5.5,-3.066],[-6.6,0],[-5.5,3.067],[-3.234,5.467],[0,6.867],[3.233,5.5],[5.5,3.067]],"v":[[39.4,0.7],[57.5,-3.9],[70.5,-16.75],[75.3,-35.3],[70.55,-53.8],[57.55,-66.6],[39.4,-71.2],[21.25,-66.6],[8.15,-53.8],[3.3,-35.3],[8.15,-16.75],[21.25,-3.9]],"c":true},"ix":2},"nm":"O","mn":"ADBE Vector Shape - Group","hd":false},{"ind":1,"ty":"sh","ix":2,"ks":{"a":0,"k":{"i":[[5.6,0],[3.366,3.7],[0,6.2],[-3.367,3.667],[-5.667,0],[-3.367,-3.7],[0,-6.2],[3.366,-3.733]],"o":[[-5.667,0],[-3.367,-3.7],[0,-6.266],[3.366,-3.666],[5.6,0],[3.366,3.7],[0,6.134],[-3.367,3.734]],"v":[[39.4,-14.9],[25.85,-20.45],[20.8,-35.3],[25.85,-50.2],[39.4,-55.7],[52.85,-50.15],[57.9,-35.3],[52.85,-20.5]],"c":true},"ix":2},"nm":"O","mn":"ADBE Vector Shape - Group","hd":false}],"nm":"O","np":5,"cix":2,"bm":0,"ix":1,"mn":"ADBE Vector Group","hd":false}]},"fFamily":"Poppins"},{"ch":"R","size":45,"style":"Bold","w":65.2,"data":{"shapes":[{"ty":"gr","it":[{"ind":0,"ty":"sh","ix":1,"ks":{"a":0,"k":{"i":[[0,0],[0,0],[-2.634,3.667],[0,4.667],[1.933,3.367],[3.9,1.934],[5.533,0],[0,0],[0,0],[0,0],[0,0],[0,0],[0,0]],"o":[[0,0],[5.133,-1.533],[2.633,-3.666],[0,-4.133],[-1.934,-3.366],[-3.9,-1.933],[0,0],[0,0],[0,0],[0,0],[0,0],[0,0],[0,0]],"v":[[61.3,0],[45.1,-27.8],[56.75,-35.6],[60.7,-48.1],[57.8,-59.35],[49.05,-67.3],[34.9,-70.2],[6.2,-70.2],[6.2,0],[23.3,0],[23.3,-26.5],[27.4,-26.5],[42,0]],"c":true},"ix":2},"nm":"R","mn":"ADBE Vector Shape - Group","hd":false},{"ind":1,"ty":"sh","ix":2,"ks":{"a":0,"k":{"i":[[0,0],[0,0],[-1.567,-1.533],[0,-2.666],[1.566,-1.533],[3.133,0],[0,0]],"o":[[0,0],[3.133,0],[1.566,1.534],[0,2.8],[-1.567,1.534],[0,0],[0,0]],"v":[[23.3,-56],[33.9,-56],[40.95,-53.7],[43.3,-47.4],[40.95,-40.9],[33.9,-38.6],[23.3,-38.6]],"c":true},"ix":2},"nm":"R","mn":"ADBE Vector Shape - Group","hd":false}],"nm":"R","np":5,"cix":2,"bm":0,"ix":1,"mn":"ADBE Vector Group","hd":false}]},"fFamily":"Poppins"},{"ch":"I","size":45,"style":"Bold","w":29.5,"data":{"shapes":[{"ty":"gr","it":[{"ind":0,"ty":"sh","ix":1,"ks":{"a":0,"k":{"i":[[0,0],[0,0],[0,0],[0,0]],"o":[[0,0],[0,0],[0,0],[0,0]],"v":[[6.2,-70.2],[6.2,0],[23.3,0],[23.3,-70.2]],"c":true},"ix":2},"nm":"I","mn":"ADBE Vector Shape - Group","hd":false}],"nm":"I","np":3,"cix":2,"bm":0,"ix":1,"mn":"ADBE Vector Group","hd":false}]},"fFamily":"Poppins"},{"ch":" ","size":45,"style":"Bold","w":21.2,"data":{},"fFamily":"Poppins"},{"ch":"T","size":45,"style":"Bold","w":59.1,"data":{"shapes":[{"ty":"gr","it":[{"ind":0,"ty":"sh","ix":1,"ks":{"a":0,"k":{"i":[[0,0],[0,0],[0,0],[0,0],[0,0],[0,0],[0,0],[0,0]],"o":[[0,0],[0,0],[0,0],[0,0],[0,0],[0,0],[0,0],[0,0]],"v":[[2.4,-70.2],[2.4,-56.5],[21,-56.5],[21,0],[38.1,0],[38.1,-56.5],[56.7,-56.5],[56.7,-70.2]],"c":true},"ix":2},"nm":"T","mn":"ADBE Vector Shape - Group","hd":false}],"nm":"T","np":3,"cix":2,"bm":0,"ix":1,"mn":"ADBE Vector Group","hd":false}]},"fFamily":"Poppins"},{"ch":"L","size":45,"style":"Bold","w":47.7,"data":{"shapes":[{"ty":"gr","it":[{"ind":0,"ty":"sh","ix":1,"ks":{"a":0,"k":{"i":[[0,0],[0,0],[0,0],[0,0],[0,0],[0,0]],"o":[[0,0],[0,0],[0,0],[0,0],[0,0],[0,0]],"v":[[23.3,-70.2],[6.2,-70.2],[6.2,0],[45.7,0],[45.7,-13.2],[23.3,-13.2]],"c":true},"ix":2},"nm":"L","mn":"ADBE Vector Shape - Group","hd":false}],"nm":"L","np":3,"cix":2,"bm":0,"ix":1,"mn":"ADBE Vector Group","hd":false}]},"fFamily":"Poppins"}]}