{"v":"5.7.11","fr":30,"ip":0,"op":39,"w":500,"h":656,"nm":"Shimmer 4","ddd":0,"assets":[],"layers":[{"ddd":0,"ind":1,"ty":1,"nm":"Sólido Gris oscuro 2","sr":1,"ks":{"o":{"a":0,"k":20,"ix":11},"r":{"a":0,"k":33,"ix":10},"p":{"a":1,"k":[{"i":{"x":0.667,"y":1},"o":{"x":0.333,"y":0},"t":0,"s":[-429,341,0],"to":[224.833,0,0],"ti":[-224.833,0,0]},{"t":38,"s":[920,341,0]}],"ix":2,"l":2},"a":{"a":0,"k":[250,143.5,0],"ix":1,"l":2},"s":{"a":0,"k":[66.523,381.063,100],"ix":6,"l":2}},"ao":0,"sw":500,"sh":287,"sc":"#2b2b2b","ip":0,"op":39,"st":0,"bm":0},{"ddd":0,"ind":2,"ty":1,"nm":"Sólido Blanco 2","sr":1,"ks":{"o":{"a":0,"k":100,"ix":11},"r":{"a":0,"k":0,"ix":10},"p":{"a":0,"k":[270,374,0],"ix":2,"l":2},"a":{"a":0,"k":[250,143.5,0],"ix":1,"l":2},"s":{"a":0,"k":[120.8,314.634,100],"ix":6,"l":2}},"ao":0,"sw":500,"sh":287,"sc":"#ffffff","ip":0,"op":39,"st":0,"bm":0}],"markers":[]}